Title,PackageName,URL,Publisher,PrintISSN,OnlineISSN,ManagedCoverageBegin,ManagedCoverageEnd,AsExpected,ProblemYears,FreeYears
ACS Applied Materials & Interfaces,ACS (CRKN),https://pubs.acs.org/journal/aamick,American Chemical Society,1944-8244,1944-8252,2018-01-01,2018-12-31,False,2018/,NoYears
Chemical Research in Toxicology,ACS Legacy Archives,https://pubs.acs.org/loi/crtoec,American Chemical Society,0893-228X,1520-5010,1994-01-01,1995-12-01,False,1994/1995/,NoYears
Journal of Chemical Information and Computer Sciences,ACS (CRKN),https://pubs.acs.org/journal/jcisd8,American Chemical Society,0095-2338,1520-5142,2003-01-24,2004-11-21,False,2003/2004/,NoYears
Organometallics,ACS Legacy Archives,https://pubs.acs.org/loi/orgnd7,American Chemical Society,0276-7333,1520-6041,1995-01-01,1995-12-01,False,1995/,NoYears
Organometallics,ACS Legacy Archives,https://pubs.acs.org/loi/orgnd7,American Chemical Society,0276-7333,1520-6041,1995-01-01,1995-12-01,False,1995/,NoYears
