Title,Year,DOI,DOI-URL,Accessible,PackageName,URL,Publisher,PrintISSN,OnlineISSN,ManagedCoverageBegin,ManagedCoverageEnd,AsExpected,ProblemYears,FreeYears
ACS Applied Materials & Interfaces,2018,10.1021/acsami.8b03552,http://doi.org/10.1021/acsami.8b03552,False,ACS (CRKN),https://pubs.acs.org/journal/aamick,American Chemical Society,1944-8244,1944-8252,2018-01-01,Present,False,2018/2019/,NoYears
ACS Applied Materials & Interfaces,2019,10.1021/acsami.9b00713,http://doi.org/10.1021/acsami.9b00713,False,ACS (CRKN),https://pubs.acs.org/journal/aamick,American Chemical Society,1944-8244,1944-8252,2018-01-01,Present,False,2018/2019/,NoYears
Chemical Research in Toxicology,1994,10.1021/tx00042a015,http://doi.org/10.1021/tx00042a015,False,ACS Legacy Archives,https://pubs.acs.org/loi/crtoec,American Chemical Society,0893-228X,1520-5010,1994-01-01,1995-12-01,False,1994/1995/,NoYears
Chemical Research in Toxicology,1995,10.1021/tx00044a700,http://doi.org/10.1021/tx00044a700,False,ACS Legacy Archives,https://pubs.acs.org/loi/crtoec,American Chemical Society,0893-228X,1520-5010,1994-01-01,1995-12-01,False,1994/1995/,NoYears
Journal of Chemical Information and Computer Sciences,2003,10.1021/ci034138n,http://doi.org/10.1021/ci034138n,False,ACS (CRKN),https://pubs.acs.org/journal/jcisd8,American Chemical Society,0095-2338,1520-5142,2003-01-24,2004-11-21,False,2003/2004/,NoYears
Journal of Chemical Information and Computer Sciences,2004,10.1021/ci0342324,http://doi.org/10.1021/ci0342324,False,ACS (CRKN),https://pubs.acs.org/journal/jcisd8,American Chemical Society,0095-2338,1520-5142,2003-01-24,2004-11-21,False,2003/2004/,NoYears
Organometallics,1995,10.1021/om00009a010,http://doi.org/10.1021/om00009a010,False,ACS Legacy Archives,https://pubs.acs.org/loi/orgnd7,American Chemical Society,0276-7333,1520-6041,1995-01-01,1995-12-01,False,1995/,NoYears
